feature_post_pre,beta_post_pre
(intercepto),0.6800424590908103
alpha,0.008749857211348154
delta,0.023800874375573773
u,-0.06932230470514456
g,-0.27448626597465947
r,0.021613754318870918
i,0.49801015487277606
z,0.12237284467127961
class,-0.33084227000884364
