feature,OLS,Ridge,Lasso,ElasticNet
(intercepto),0.5768039164542421,0.5768039164542421,0.5768039164542421,0.5768039164542421
PC1,0.14825394461793753,0.14823314833477985,0.1480210283992774,0.14819958671746158
PC2,0.0677792909618376,0.06774394001500272,0.06691294790554045,0.0676399172208566
PC3,0.041575727787246636,0.04155362052316508,0.04069247415051634,0.041454449109931936
PC4,-0.010801202727994143,-0.010793672174592261,-0.009642913624710769,-0.010674246340765726
PC5,-0.3550669965922967,-0.3545758895757081,-0.3527675345715328,-0.35410422609285647
PC6,-0.2641214032549889,-0.26232739018039786,-0.25276760250029545,-0.2603259035830094
PC7,-0.3222201931368462,-0.31344461890233105,-0.27573934657333143,-0.3048206200572457
PC8,-0.24335834946273902,-0.23203136808512856,-0.16231324447043638,-0.21926082410430064
