modelo,R2,RMSE,MAE
ElasticNet,0.302350741949474,0.6179249961901642,0.3628531278245959
Ridge,0.3023190547859277,0.6179390290783662,0.3629167485340382
Lasso,0.302306067148865,0.6179447806547438,0.36268898503944386
OLS,0.30227535720048515,0.617958380345526,0.3629814719100491
